[
  {
    "name": "RogersOpenCartAutomation.RogersOpenCartTest.Greeting",
    "allDeclaredConstructors": true,
    "allDeclaredMethods": true
  },
  {
    "name": "javax.servlet.http.HttpServlet"
  },
  {
    "name": "org.apache.catalina.AccessLog"
  },
  {
    "name": "org.apache.catalina.AsyncDispatcher"
  },
  {
    "name": "org.apache.catalina.Authenticator"
  },
  {
    "name": "org.apache.catalina.Cluster"
  },
  {
    "name": "org.apache.catalina.Container"
  },
  {
    "name": "org.apache.catalina.Contained"
  },
  {
    "name": "org.apache.catalina.Context"
  },
  {
    "name": "org.apache.catalina.CredentialHandler"
  },
  {
    "name": "org.apache.catalina.DistributedManager"
  },
  {
    "name": "org.apache.catalina.Engine"
  },
  {
    "name": "org.apache.catalina.Executor"
  },
  {
    "name": "org.apache.catalina.Group"
  },
  {
    "name": "org.apache.catalina.Host"
  },
  {
    "name": "org.apache.catalina.JmxEnabled"
  },
  {
    "name": "org.apache.catalina.Lifecycle"
  },
  {
    "name": "org.apache.catalina.LifecycleListener"
  },
  {
    "name": "org.apache.catalina.Loader"
  },
  {
    "name": "org.apache.catalina.Manager"
  },
  {
    "name": "org.apache.catalina.Pipeline"
  },
  {
    "name": "org.apache.catalina.Realm"
  },
  {
    "name": "org.apache.catalina.Role"
  },
  {
    "name": "org.apache.catalina.Server"
  },
  {
    "name": "org.apache.catalina.Service"
  },
  {
    "name": "org.apache.catalina.Session"
  },
  {
    "name": "org.apache.catalina.SessionIdGenerator"
  },
  {
    "name": "org.apache.catalina.SessionListener"
  },
  {
    "name": "org.apache.catalina.Store"
  },
  {
    "name": "org.apache.catalina.StoreManager"
  },
  {
    "name": "org.apache.catalina.User"
  },
  {
    "name": "org.apache.catalina.UserDatabase"
  },
  {
    "name": "org.apache.catalina.Valve"
  },
  {
    "name": "org.apache.catalina.WebResource"
  },
  {
    "name": "org.apache.catalina.WebResourceRoot"
  },
  {
    "name": "org.apache.catalina.WebResourceSet"
  },
  {
    "name": "org.apache.catalina.Wrapper"
  },
  {
    "name": "org.apache.coyote.UpgradeProtocol"
  },
  {
    "name": "com.sun.org.apache.xerces.internal.jaxp.SAXParserFactoryImpl",
    "methods": [
      {
        "name": "<init>",
        "parameterTypes": []
      }
    ]
  },
  {
    "name": "com.sun.org.apache.xerces.internal.jaxp.DocumentBuilderFactoryImpl",
    "methods": [
      {
        "name": "<init>",
        "parameterTypes": []
      }
    ]
  },
  {
    "name": "org.apache.catalina.authenticator.jaspic.AuthConfigFactoryImpl",
    "methods": [
      {
        "name": "<init>",
        "parameterTypes": []
      }
    ]
  },
  {
    "name": "org.apache.el.ExpressionFactoryImpl",
    "methods": [
      {
        "name": "<init>",
        "parameterTypes": []
      }
    ]
  },
  {
    "name": "org.apache.naming.factory.EjbFactory",
    "methods": [
      {
        "name": "<init>",
        "parameterTypes": []
      }
    ]
  },
  {
    "name": "org.apache.naming.factory.ResourceEnvFactory",
    "methods": [
      {
        "name": "<init>",
        "parameterTypes": []
      }
    ]
  },
  {
    "name": "org.apache.naming.factory.ResourceFactory",
    "methods": [
      {
        "name": "<init>",
        "parameterTypes": []
      }
    ]
  },
  {
    "name": "org.apache.naming.factory.TransactionFactory",
    "methods": [
      {
        "name": "<init>",
        "parameterTypes": []
      }
    ]
  },
  {
    "name": "org.apache.tomcat.websocket.server.WsHttpUpgradeHandler",
    "methods": [
      {
        "name": "<init>",
        "parameterTypes": []
      }
    ]
  }
]