{
  "bundles": [
    {
      "name": "javax.el.LocalStrings"
    },
    {
      "name": "javax.servlet.LocalStrings"
    },
    {
      "name": "javax.servlet.http.LocalStrings"
    },
    {
      "name": "org.apache.catalina.authenticator.LocalStrings"
    },
    {
      "name": "org.apache.catalina.authenticator.jaspic.LocalStrings"
    },
    {
      "name": "org.apache.catalina.connector.LocalStrings"
    },
    {
      "name": "org.apache.catalina.core.LocalStrings"
    },
    {
      "name": "org.apache.catalina.deploy.LocalStrings"
    },
    {
      "name": "org.apache.catalina.filters.LocalStrings"
    },
    {
      "name": "org.apache.catalina.loader.LocalStrings"
    },
    {
      "name": "org.apache.catalina.manager.LocalStrings"
    },
    {
      "name": "org.apache.catalina.manager.host.LocalStrings"
    },
    {
      "name": "org.apache.catalina.mapper.LocalStrings"
    },
    {
      "name": "org.apache.catalina.mbeans.LocalStrings"
    },
    {
      "name": "org.apache.catalina.realm.LocalStrings"
    },
    {
      "name": "org.apache.catalina.security.LocalStrings"
    },
    {
      "name": "org.apache.catalina.servlets.LocalStrings"
    },
    {
      "name": "org.apache.catalina.session.LocalStrings"
    },
    {
      "name": "org.apache.catalina.ssi.LocalStrings"
    },
    {
      "name": "org.apache.catalina.startup.LocalStrings"
    },
    {
      "name": "org.apache.catalina.users.LocalStrings"
    },
    {
      "name": "org.apache.catalina.util.LocalStrings"
    },
    {
      "name": "org.apache.catalina.valves.LocalStrings"
    },
    {
      "name": "org.apache.catalina.valves.rewrite.LocalStrings"
    },
    {
      "name": "org.apache.catalina.webresources.LocalStrings"
    },
    {
      "name": "org.apache.coyote.LocalStrings"
    },
    {
      "name": "org.apache.coyote.http11.LocalStrings"
    },
    {
      "name": "org.apache.coyote.http11.filters.LocalStrings"
    },
    {
      "name": "org.apache.coyote.http11.upgrade.LocalStrings"
    },
    {
      "name": "org.apache.coyote.http2.LocalStrings"
    },
    {
      "name": "org.apache.el.Messages"
    },
    {
      "name": "org.apache.naming.LocalStrings"
    },
    {
      "name": "org.apache.naming.factory.LocalStrings"
    },
    {
      "name": "org.apache.naming.factory.webservices.LocalStrings"
    },
    {
      "name": "org.apache.tomcat.util.LocalStrings"
    },
    {
      "name": "org.apache.tomcat.util.buf.LocalStrings"
    },
    {
      "name": "org.apache.tomcat.util.codec.binary.LocalStrings"
    },
    {
      "name": "org.apache.tomcat.util.compat.LocalStrings"
    },
    {
      "name": "org.apache.tomcat.util.descriptor.LocalStrings"
    },
    {
      "name": "org.apache.tomcat.util.descriptor.tld.LocalStrings"
    },
    {
      "name": "org.apache.tomcat.util.descriptor.web.LocalStrings"
    },
    {
      "name": "org.apache.tomcat.util.digester.LocalStrings"
    },
    {
      "name": "org.apache.tomcat.util.file.LocalStrings"
    },
    {
      "name": "org.apache.tomcat.util.http.LocalStrings"
    },
    {
      "name": "org.apache.tomcat.util.http.parser.LocalStrings"
    },
    {
      "name": "org.apache.tomcat.util.json.LocalStrings"
    },
    {
      "name": "org.apache.tomcat.util.modeler.LocalStrings"
    },
    {
      "name": "org.apache.tomcat.util.net.LocalStrings"
    },
    {
      "name": "org.apache.tomcat.util.scan.LocalStrings"
    },
    {
      "name": "org.apache.tomcat.util.security.LocalStrings"
    },
    {
      "name": "org.apache.tomcat.util.threads.res.LocalStrings"
    },
    {
      "name": "org.apache.tomcat.websocket.LocalStrings"
    },
    {
      "name": "org.apache.tomcat.websocket.pojo.LocalStrings"
    },
    {
      "name": "org.apache.tomcat.websocket.server.LocalStrings"
    }
  ],
  "resources": [
    {
      "pattern": ".*/mbeans-descriptors.xml$"
    },
    {
      "pattern": ".*/*.properties$"
    },
    {
      "pattern": ".*/*.dtd$"
    },
    {
      "pattern": ".*/*.xsd$"
    }
  ]
}